<?xml version="1.0" encoding="UTF-8"?>
<project-private xmlns="http://www.netbeans.org/ns/project-private/1">
    <editor-bookmarks xmlns="http://www.netbeans.org/ns/editor-bookmarks/2" lastBookmarkId="0"/>
    <open-files xmlns="http://www.netbeans.org/ns/projectui-open-files/2">
        <group>
            <file>file:/C:/Users/Javy/Documents/NetBeansProjects/Prueba1/web/registro.jsp</file>
            <file>file:/C:/Users/Javy/Documents/NetBeansProjects/Prueba1/src/java/Controller/Validador.java</file>
            <file>file:/C:/Users/Javy/Documents/NetBeansProjects/Prueba1/web/accesso.jsp</file>
            <file>file:/C:/Users/Javy/Documents/NetBeansProjects/Prueba1/web/index.html</file>
            <file>file:/C:/Users/Javy/Documents/NetBeansProjects/Prueba1/src/java/Controller/Logout.java</file>
        </group>
    </open-files>
</project-private>
